Station Name,Genre,URL
DEF CON Radio [SomaFM],"Ambient, Space",http://ice2.somafm.com/defcon-128-aac
Black Rock FM [SomaFM],"Ambient, Downtempo",http://ice2.somafm.com/brfm-128-aac
Drone Zone [SomaFM],Ambient Downtempo,http://ice4.somafm.com/dronezone-128-aac
SF 10-33 [SomaFM],"Downtempo, Chillout",http://ice4.somafm.com/sf1033-128-aac
Deep Space One [SomaFM],Ambient Experimental,http://ice2.somafm.com/deepspaceone-128-aac
Mission Control [SomaFM],"DarkAmbient, ChillOut",http://ice4.somafm.com/missioncontrol-128-aac
Space Station Soma [SomaFM],"ChillOut, Ambient, PsyChill",http://ice3.somafm.com/spacestation-128-mp3
Groove Salad [SomaFM],Ambient,http://ice4.somafm.com/groovesalad-128-aac
Groove Salad Classic [SomaFM],DarkAmbient,http://ice4.somafm.com/gsclassic-128-aac
Mixing of Particulate Solids,Ambient,http://147.175.61.55:8000
Ambi103,Ambient,http://173.208.177.90:16576
FmDomPMR,Ambient,http://130.185.144.199:18832
SleepBot Env. Broadcast,"Ambient, Downtempo",http://sc13.shoutcaststreaming.us:8194
Dark Ambient,Ambient,http://95.211.3.65:8835
Ambient Fantasy [DI],Ambient,http://5.39.71.159:8193
Cosmic Waves,"Germany, Chillout, Goa, Ambient",http://cosmicwaves.ru:8000
Relaxing Radio,"Drone, Ambient",http://149.56.195.94:8660
Infinite Space,"Ambient, Techno, Electronica",http://198.24.145.146:9654
Cryosleep: Echoes of BLUEMARS,Ambient,http://streams.echoesofbluemars.org:8000/cryosleep
Dark Ambient Radio,"Lounge, Ambient, Space",http://s3.viastreaming.net:8835/
PsyradioFM,Ambient,http://streamer.psyradio.org:8020/chillout
Verdure,"Relaxing, Drone, Ambient",http://air.verdure.net:8881
Systrum Sistum: SSR1,Ambient,http://systrum.net:8000/Systrum-Channel1
9128 Live,"New Age, Chillout, Ambient",http://streams.radio.co:80/s0aa1e6f4a/listen
Ultima Thule,"Chillout, Ambient",http://www.ultimathule.info/audio_programmes2019/UT_1298_56k.mp3
Space Travel Radio,"Chillout, Ambient",http://136.243.156.30:1701/stream/2/
ChromaNova,"Drone, Ambient, Downtempo, Lounge, Chillout",http://176.31.123.212:8192
Slow Focus: NTS,"Chillout, Lounge, Ambient",https://stream-mixtape-geo.ntslive.net/mixtape
Sleep Radio Stream,"Drone, Ambient",http://149.56.234.138:8169
Seven Rays [laut.fm],Ambient,http://7rays.stream.laut.fm/7rays
Radio Record,"Chillout, Downtempo, Ambient",http://air.radiorecord.ru:8102/chil_320
Radio Provodach,"Ambient, Chillout, Meditation, Lounge, NewAge",http://station.waveradio.org/provodach
Chillout Zone,"Ambient, Chillout",http://5.189.142.165:2304/stream
Radio Dimensione Relax,"Ambient, Chillout",http://tachyon.shoutca.st:8919/stream
Radio Caprice,"Ambient, Chillout",http://79.111.119.111:8002/droneambient
Planet Ambi,Ambient,http://philae.shoutca.st:9019
ChillTrax,"Ambient, Chillout, Downtempo",http://station.chilltrax.com
Ambient Radio,"Ambient, Chillout, NewAge",http://uk2.internet-radio.com:31491
Ambient Radio: Party Vibe,Ambient,http://94.130.238.52:8056/stream
Ambiesphere,"Lounge, Chillout, Ambient",http://uk5.internet-radio.com:8347
Nirvana Meditation,"Chillout, Trap, Chillstep, Ambient",http://81.219.54.6:8004
Vibration Zen Relax,Ambient,http://91.121.38.100:8220
Chillout Essentials [MixLive.ie],"Ambient, Chillout, Downtempo",http://198.24.145.146:9998
Sven Radio,"Ambient, Classical, Alternative",http://51.255.127.128:8012
Soar Walk Radio,"Chillout, EDM",http://188.165.192.5:8193
Indie Int. Lounge Network,"Psychdelic, Chillout, Ambient",http://206.190.130.182:8188
LFOD: Pi Radio,Ambient,http://radio.lfod.online:3140/mpd
Relaxing Radio,Ambient,http://149.56.195.94:8660
Serene,"Chillout, Ambient, Noise",http://192.99.17.12:4950
Radio Cykx,"Meditation, Ambient, Nature",http://104.238.193.114:7073
DeepSpaceChill: Radio InfoWeb,Ambient,http://stream.radioinfoweb.net:8000/chill
Radio Schizoid,"Ambient, Russian",http://94.130.113.214:8000/chill
Slowmodo Rain,Ambient,http://149.202.79.68:8139
UVB-76,"Ambient, Meditation",http://uk3-pn.mixstream.net:8370
Pink Noise Radio,Ambient,http://uk1.internet-radio.com:8004
intraNature,Ambient,http://192.240.102.198:14244
UrbaN_181fM: Jammin 181,"Hip Hop, Urban ",http://relay.181.fm:8042
UrbaN_181fM: Old School HipHop,"Hip Hop, Old School",http://relay.181.fm:8068
UrbaN_181fM: The Beat,"Hip Hop, Urban",http://relay.181.fm:8054
UrbaN_181fM: The Box,"Hip Hop, Urban",http://relay.181.fm:8024
UrbaN_181fM: True R&B,"R&B, Urban",http://relay.181.fm:8022
TechnO_181fM: Chilled Out,"Techno, Chill Out",http://relay.181.fm:8700
TechnO_181fM: Energy 93,"Techno, Dance, Electronic",http://relay.181.fm:8044
TechnO_181fM: Energy 98,"Techno, Dance, Electronic",http://relay.181.fm:8800
TechnO_181fM: Studio 181,"Techno, Electronic",http://relay.181.fm:8072
TechnO_181fM: Techno Club,"Techno, Dance, Electronic",http://icyrelay.181.fm/181-technoclub_128k.mp3
TechnO_181fM: The Vibe of Vegas,"Techno, Dance, Electronic, Las Vegas",http://relay.181.fm:8074
RocK_181fM: 80's Hairband,"Rock, Hair Metal, 80s",http://relay.181.fm:8014
RocK_181fM: Chloe,"Rock, Alternative",http://relay.181.fm:8100
RocK_181fM: Classic Buzz,"Rock, Classic Rock  ",http://relay.181.fm:8038
RocK_181fM: Punk,"Rock, Punk",http://65.60.25.26:80
RocK_181fM: Rock 181,Rock ,http://relay.181.fm:8008
RocK_181fM: Rock 40,Rock,http://relay.181.fm:8028
RocK_181fM: The Buzz,"Rock, Classic Rock",http://relay.181.fm:8126
RocK_181fM: The Eagle,Rock ,http://relay.181.fm:8030
RocK_181fM: The Rock,Rock,http://relay.181.fm:8064
PoP_181fM: Party 181,"Pop, Dance",http://relay.181.fm:8036
PoP_181fM: Power 181,"Pop, Dance",http://relay.181.fm:8128
PoP_181fM: Smooth AC,"Pop, Adult Contemporary",http://relay.181.fm:8094
PoP_181fM: The Heart,Pop ,http://relay.181.fm:8006
PoP_181fM: The Mix,Pop,http://relay.181.fm:8032
PoP_181fM: The Office,"Pop, Mainstream, Office ",http://relay.181.fm:8002
PoP_181fM: The Point,"Pop, Mainstream",http://relay.181.fm:8010
PoP_181fM: UK Top 40,"Pop, UK, Charts",http://relay.181.fm:8070
OldieS_181fM: Beatles,"Oldies, Classic Rock, Beatles",http://relay.181.fm:8062
OldieS_181fM: Classic Hits,"Oldies, Classic Hits ",http://relay.181.fm:8132
OldieS_+A87:A116181fM: Good Time Oldies,"Oldies, Classic Rock",http://relay.181.fm:8046
OldieS_181fM: Mellow Gold,"Oldies, Soft Rock",http://relay.181.fm:8060
OldieS_181fM: Soul,"Soul, R&B",http://relay.181.fm:8058
OldieS_181fM: Super 70s,"Oldies, 70s",http://relay.181.fm:8066
LatiN_181fM: Reggae Roots,Reggae,http://relay.181.fm:8096
LatiN_181fM: Salsa,"Salsa, Latin",http://relay.181.fm:8098
EasY_181fM: Acid Jazz,"Jazz, Acid Jazz",http://icyrelay.181.fm/181-acidjazz_128k.mp3
EasY_181fM: Bebop,"Jazz, Bebop",http://icyrelay.181.fm/181-bebop_128k.mp3
EasY_181fM: Classical Guitar,"Classical, Guitar ",http://icyrelay.181.fm/181-classicalguitar_128k.mp3
EasY_181fM: Classical Jazz,"Jazz, Classical Jazz",http://icyrelay.181.fm/181-classicaljazz_128k.mp3
EasY_181fM: Classical Music,Classical,http://icyrelay.181.fm/181-classical_128k.mp3
EasY_181fM: Fusion Jazz,"Jazz, Fusion",http://icyrelay.181.fm/181-fusionjazz_128k.mp3
EasY_181fM: Sensual World,"World Music, Sensual ",http://icyrelay.181.fm/181-sensual_128k.mp3
EasY_181fM: The Breeze,"Easy Listening, Smooth Jazz",http://relay.181.fm:8004
EasY_181fM: Trance Jazz,"Jazz, Trance Jazz ",http://icyrelay.181.fm/181-trancejazz_128k.mp3
EasY_181fM: True Blues,Blues ,http://icyrelay.181.fm/181-blues_128k.mp3
EasY_181fM: Vocal Jazz,"Jazz, Vocal Jazz",http://icyrelay.181.fm/181-vocals_128k.mp3
CountrY_181fM: Front Porch,"Country, Traditional Country",http://relay.181.fm:8016
CountrY_181fM: Highway 181,Country,http://relay.181.fm:8018
CountrY_181fM: Kickin' Country,"Country, Contemporary Country",http://relay.181.fm:8130
CountrY_181fM: Real Country,Country ,http://relay.181.fm:8034
CountrY_181fM: US 181,Country,http://relay.181.fm:8056
ComedY_181fM: Comedy Club,Comedy,http://relay.181.fm:8026
NinetY_181fM: 90's Alternative,"Alternative, 90s ",http://relay.181.fm:8052
NinetY_181fM: 90's Country,"Country, 90s",http://relay.181.fm:8050
NinetY_181fM: 90's Dance,"Dance, 90s",http://relay.181.fm:8140
NinetY_181fM: Lite 90's,"Pop, Adult Contemporary, 90s",http://relay.181.fm:8048
NinetY_181fM: Star 90's,"Pop, 90s",http://relay.181.fm:8012
EightY_181fM: 80's Country,"Country, 80s",http://relay.181.fm:8134
EightY_181fM: Awesome 80's,"Pop, 80s",http://relay.181.fm:8000
EightY_181fM: Lite 80's,"Pop, Adult Contemporary, 80s",http://relay.181.fm:8040
BlueS: 12 Bar,"Blues, Traditional Blues ",http://listen.radionomy.com:80/12Bar
BlueS: A Better Classic Blues Vintage Station,Blues ,http://streaming.radionomy.com/A-Better-Classic-Blues-Vintage-Station
BlueS: A Blues Dream,Blues,http://streaming.radionomy.com/ABLUESDREAM-Classic-NewBlues24H
BlueS: Aardvark Blues FM,Blues,http://74.208.45.146:8639/stream
BlueS: AcousticFM,"Blues, Acoustic Blues",http://listen.radionomy.com/Acoustic-FM
BlueS: Best Blues I Know,Blues,http://streaming.radionomy.com/BestBluesIKnow
BlueS: Blues Radio,Blues  ,http://185.33.22.13:8030
BlueS: Cocktelera Blues,Blues ,http://streaming.radionomy.com/Cocktelera-Blues
BlueS: Con Alma de Blues,Blues ,http://listen.radionomy.com/Con-Alma-de-Blues
BlueS: Funky Blues,"Blues, Funky Blues ",http://streaming.radionomy.com/FunkyBlues
BollywooD: bollywood radio & beyond,"Bollywood, Indian",http://96.31.83.86:8084
BollywooD: Bombay Beats India Radio,"Bollywood, Indian",http://205.164.62.15:8017/
BollywooD: Desi Music Mix,"Bollywood, Indian",http://desimusicmix.com:8000/HQ
BollywooD: Hungama-Bollywood-Hits,"Bollywood, Indian",http://123.176.41.8:8056
BollywooD: Hungama-Bollywood-Retro,"Bollywood, Indian Retro",http://123.176.41.8:8132
BollywooD: Indo-Caribbean Radio,"World Music, Caribbean, Indian  ",http://208.43.9.96:8652
BollywooD: Radio Afsana,"Bollywood, Indian",http://174.36.206.197:8198/
BollywooD: Radio Dhinchak,"Bollywood, Indian ",http://167.114.131.90:5404/stream
BollywooD: Sur Station,"Bollywood, Indian",http://streaming208.radionomy.com:80/SurStation-HindiMelodiousSongs
BollywooD: Taal FM Radio,"Bollywood, Indian",http://streaming207.radionomy.com:80/TaalFMRadio
ClassicaL: 1000 Classical Hits,Classical,http://streaming.radionomy.com/1000ClassicalHits
ClassicaL: A Better Classical Station,Classical,http://streaming.radionomy.com/A-Better-Classical-Station
ClassicaL: AMADEUS-FRIENDS Classical Radio,Classical,http://streaming.radionomy.com/AMADEUS-FRIENDS-ClassicalRadio
ClassicaL: Ambiance Classique,Classical,http://listen.radionomy.com/Ambiance-classique
ClassicaL: Classical Music America,Classical ,http://streaming.radionomy.com/Classicalmusicamericacom
ClassicaL: Classical Ways,Classical ,http://listen.radionomy.com/classicalways
ClassicaL: Pure Classic Ireland,"Classical, Irish ",http://206.217.201.136:8036
ClassicaL: Smooth Riviera,"Classical, Easy Listening ",http://streaming.radionomy.com/SMOOTH-RIVIERA
ClassicaL: Venice Classic Radio Italia,"Classical, Italian",http://109.123.116.202:8010/stream
ClassicaL: WKSU 3 Classical,Classical ,http://66.225.205.8:8030
CountrY: 1071 WNIH,Country ,http://listen.radionomy.com/1071WNIH
CountrY: A Better Country Station,Country,http://streaming.radionomy.com/a-better-country-station
CountrY: A Country Dream,Country,http://streaming.radionomy.com/ACOUNTRYDREAM-Western24H
CountrY: A1 Country,Country ,http://streaming.radionomy.com/A1Country-AllAmericanCountryRadio
CountrY: Abacus FM Country,Country ,http://streaming.radionomy.com/AbacusfmCountry
CountrY: Absolutely Country Hits Radio,Country,http://185.33.22.15:7800
CountrY: Always Country,Country,http://208.85.240.89:80
CountrY: Big R Radio - Country Gold,"Country, Classic Country",http://107.155.126.42:8230
CountrY: Nashville Edge,"Country, Contemporary Country ",http://streaming.radionomy.com/NashvilleEdge
CountrY: The Buffalo,"Country, Alternative Country",http://listen.radionomy.com/The-Buffalo
ElectroniC: 100 DJAY,"Electronic, Dance",http://streaming.radionomy.com/100-DJAY
ElectroniC: Air Lounge,"Electronic, Ambient, Chillout",http://streaming.radionomy.com/air-lounge
ElectroniC: Ambient Sleeping Pill,"Electronic, Ambient",http://50.7.96.138:8530/stream
ElectroniC: Chill One,"Electronic, Chillout",http://streaming.radionomy.com/CHILL-ONE
ElectroniC: Electric FM,"Electronic, Dance",http://streaming.streamonomy.com/ElectricFM
ElectroniC: Ibiza Global Radio,"Electronic, House, Ibiza",http://37.59.254.25:8024
ElectroniC: Radio MyMe,Electronic,http://streaming.radionomy.com/radiomyme-tv
ElectroniC: Radio Seven,Electronic,http://188.65.152.205:80
ElectroniC: Radio Staart,Electronic ,http://listen.radionomy.com/RADIOSTAART
ElectroniC: Top Club,"Electronic, Dance",http://listen.radionomy.com/TopClub
HitS: 1 Beats,"Dance, Electronic ",http://streaming.radionomy.com/-1Beats
HitS: 1 Hits,"Dance, Electronic ",http://streaming.radionomy.com/-1Hits
HitS: 100 Hit Radio,"Dance, Electronic",http://streaming.radionomy.com/100-HIT-radio
HitS: American Top40,"Pop, Top 40",http://listen.radionomy.com/AMERICANTOP40
HitS: ANTENNE BAYERN Top 40,"Pop, Top 40, German",http://mp3channels.webradio.antenne.de:80/top-40
HitS: Hits and Beats,"Dance, Electronic ",http://streaming.radionomy.com/HitsandBeats
HitS: Hot40 Music,"Pop, Top 40 ",http://listen.radionomy.com/Hot40Music
HitS: NJOY HIT40,"Pop, Top 40, German",http://listen.radionomy.com/njoyhit40
HitS: Our World Pop,Pop,http://streaming.radionomy.com/OurWorld-Pop
HitS: Yes! 91.2,Pop,http://46.4.65.194:8039
JazZ: 4U Smooth Jazz,"Jazz, Smooth Jazz",http://streaming.radionomy.com/4u-smooth-jazz
JazZ: A Jazz Dream,Jazz ,http://streaming.radionomy.com/AJAZZDREAM-Classic-NewJazz24H
JazZ: Abaco Libros Y Cafe Radio,Jazz,http://listen.radionomy.com/-BACO-LIBROS-Y-CAF--RADIO
JazZ: Audiophile Jazz,Jazz ,http://50.7.173.162:8014
JazZ: Bay Smooth Jazz Radio,"Jazz, Smooth Jazz",http://185.33.22.15:9010
JazZ: Best of Jazz,Jazz,http://streaming.radionomy.com/BestofJazz-LudwigRadiocom
JazZ: Dinner Jazz Excursion,Jazz ,http://64.78.234.165:8240
JazZ: Jazz 4 Ever,Jazz,http://streaming.radionomy.com/Jazz4ever
JazZ: Jazz Lovers,Jazz ,http://streaming.radionomy.com/jazzlovers
JazZ: The Jazz Groove,Jazz,http://199.180.72.2:8015
ListeneR: AI-Radio,"Experimental, Electronic",http://ai-radio.org/128.ogg
ListeneR: C89.5 FM,"Talk Radio, Alternative ",http://208.76.152.74:8000
ListeneR: CHIRP Radio,"Community Radio, Independent Radio",http://chirpradio.org/stream
ListeneR: Heartland Public Radio - Bluegrass Gospel,"Bluegrass, Gospel",http://50.7.77.179:8024/
ListeneR: Heartland Public Radio - Today's Classic Country,"Country, Contemporary Country",http://50.7.77.179:8022/
ListeneR: Heartland Public Radio - Traditional Classic Country,"Country, Traditional Country ",http://50.7.70.58:8708/
ListeneR: KING FM,Classical,http://icy2.abacast.com:80/king-kingmp3-96
ListeneR: KPFA,"Talk Radio, Progressive ",http://streams1.kpfa.org:8000/kpfa_64
ListeneR: KALX Radio,College Radio ,http://icecast.media.berkeley.edu:8000/kalx-128.mp3
ListeneR: Minnesota Public Radio,Public Radio ,http://current.stream.publicradio.org/kcmp.mp3
ListeneR: NOFM,Electronic,http://gal.bitsyu.net:8000/
ListeneR: Radio Paradise,"Electronic, Eclectic",http://stream-tx4.radioparadise.com:80/mp3-128
ListeneR: Radio Velvet,Lounge,http://212.37.80.142:8814/
ListeneR: 90.5 WBER,Public Radio,http://wber-ice-encoder.monroe.edu:80/wber-high.mp3
ListeneR: WDCB,Jazz,http://wdcb-ice.streamguys.org:80/wdcb128
ListeneR: WEVL 89.9,"Blues, Rockabilly",http://peace.str3am.com:6030/
ListeneR: Community Radio WERU 89.9 FM,Community Radio,http://stream.weru.org:80/weru-high.mp3
ListeneR: WFMU Freeform Radio,"Community Radio, Freeform",http://stream0.wfmu.org/freeform-128k
ListeneR: WNCU Public Radio,"Jazz, Public Radio ",http://pubint.ic.llnwd.net/stream/pubint_wncu
ListeneR: WNRN-FM,Community Radio ,http://broadcast.wnrn.org:8000/wnrn.mp3
ListeneR: WNYC 93.9 FM,Public Radio,http://fm939.wnyc.org/wnycfm
ListeneR: WQXR New York,Classical ,http://stream.wqxr.org/wqxr
ListeneR: WSGE FM,Country,http://amber.streamguys.com:4890/live
ListeneR: WWOZ,"Jazz, New Orleans",http://50.31.135.43:80/wwoz-hi.mp3
ListeneR: Xenicus Radio,Electronic ,http://192.99.35.93:6744/stream
MetaL: 4U Hard FM,Metal,http://streaming.radionomy.com/4U-Hard-FM
MetaL: Crucial Velocity Radio,Metal,http://streaming.radionomy.com/CrucialVelocityRadio
MetaL: DTHM,Metal,http://listen.radionomy.com/Death-Thrash--Heavy-Metal
MetaL: Goth'N'Metal,"Metal, Gothic Metal",http://listen.radionomy.com/Goth-N-Metal
MetaL: Hook 'em Horns,Metal,http://streaming.radionomy.com/Hook-emHorns
MetaL: idobi Howl,"Metal, Alternative Metal ",http://69.46.88.27:80
MetaL: Metal Only,Metal ,http://178.77.127.105:4400
MetaL: Metal Shop,Metal ,http://streaming.radionomy.com/METALSHOP
MetaL: Sign of the Horns,Metal ,http://streaming.radionomy.com/SignOfTheHorns
MetaL: STAR FM From Hell,Metal ,http://80.237.153.93:7000
NewS: Air Progressive,"Talk Radio, Progressive ",http://airprogressive.org:8000/stream
NewS: BBC,"News, International",http://bbcwssc.ic.llnwd.net/stream/bbcwssc_mp1_ws-einws
NewS: CBC,"News, International",http://3153.live.streamtheworld.com:80/CBC_R1_MCT_L_SC
NewS: GLT News & Ideas,"News, Public Radio",http://wgltradio.ilstu.edu:8000/wgltmain.mp3
NewS: NPR,"News, Public Radio",http://nprdmp-live01-mp3.akacast.akamaistream.net/7/998/364916/v1/npr.akacast.akamaistream.net/nprdmp_live01_mp3
NewS: Newstalk 106-108,"News, Talk Radio",http://vice02.iad.xpc-mii.net:80/communicorp/Newstalk_high
NewS: RFI,"News, International, French",http://stream.rfi.fr/2588/rfi_en_anglais/rfianglais.mp3
NewS: Sputnik,"News, International, Russian ",http://audio1.video.ria.ru:80/voiceeng
NewS: The Source,"News, Urban ",http://stream.wmnf.org:8000/wmnf_hd3
NewS: WKSU News,News ,http://66.225.205.8:8020
OldieS: A Better Oldies Station,Oldies,http://streaming.radionomy.com/a-better-oldies-station
OldieS: ANTENNE BAYERN Oldies but Goldies,"Oldies, German",http://mp3channels.webradio.antenne.de:80/oldies-but-goldies
OldieS: E.P. Express Radio,Oldies,http://37.187.79.56:9246
OldieS: Flower Power Radio,"Oldies, 60s",http://50.7.129.122:8433
OldieS: Gold Star Radio,Oldies ,http://listen.radionomy.com/Gold-Star-Radio
OldieS: Golden 50s-70s Hits,"Oldies, 50s, 60s, 70s",http://streaming.radionomy.com/golden-50-70s-hits
OldieS: Motown Classics,"Oldies, Motown ",http://streaming.radionomy.com/motown-classics
OldieS: Radio Nostalgia,Oldies ,http://streaming.radionomy.com/Radio-Nostalgia
OldieS: Rewound Radio,Oldies,http://71.125.37.66:8000
OldieS: True Oldies,Oldies ,http://streaming.streamonomy.com/trueoldies
ReggaE: A Better Smokin Reggae Roots Station,"Reggae, Roots Reggae",http://streaming.radionomy.com/A-Better-Smokin-Reggae-Roots-Station
ReggaE: A Reggae Dream,Reggae ,http://streaming.radionomy.com/AREGGAEDREAM-Rasta24H
ReggaE: A2R Reggae,Reggae,http://streaming.radionomy.com/A2R-Reggae
ReggaE: Bob Marley & Co,Reggae,http://streaming.radionomy.com/A1ONEBOBMARLEYANDCO
ReggaE: Caribbean Vibes Radio,"Reggae, Caribbean",http://streaming.streamonomy.com/CaribbeanVibesRadio
ReggaE: Jamaican Roots Radio,Reggae,http://listen.radionomy.com/jamaican-roots-radio
ReggaE: Joint Radio,Reggae ,http://72.9.152.111:9998
ReggaE: One Hundread Locks,Reggae,http://listen.radionomy.com/One-Hundread-Locks
ReggaE: Reggae Rasta & Roots,Reggae,http://192.152.23.243:8470
ReggaE: Radio Fly Foot Selecta,Reggae ,http://listen.radionomy.com:80/radio-fly-ReggaEt-selecta
RocK: 1 Classic Rock,"Rock, Classic Rock ",http://streaming.radionomy.com/-1ClassicRock
RocK: 100 Energy,Rock ,http://streaming.radionomy.com/100-Energy-RIWCLASSICROCKCHANNEL
RocK: 104 Classic Rock,"Rock, Classic Rock ",http://173.193.14.166:80
RocK: 1055 ROCK,Rock ,http://85.17.121.228:8078
RocK: A Better Alternative X-RockStation,"Rock, Alternative",http://listen.radionomy.com/a-better-alternative-x-rock-station
RocK: A Better Classic Rock Station,"Rock, Classic Rock",http://streaming.radionomy.com/a-better-classic-rock-station
RocK: Casey's Classic Rock,"Rock, Classic Rock",http://streaming.radionomy.com/Caseys-Classic-Rock
RocK: Classic Deep Cuts,"Rock, Deep Cuts",http://208.85.240.10:8134
RocK: Classic Rock 109,"Rock, Classic Rock",http://174.36.237.118:10042
RocK: Classic Underground Radio,"Rock, Alternative, Underground",http://listen.radionomy.com/3WKCOMClassicUndergroundradio
RocK: Deep Jams Radio,Rock ,http://74.50.122.103:9748
RocK: Elium Rock,Rock,http://listen.radionomy.com/Elium-Rock
RocK: Peace Radio,"Rock, Psychedelic Rock",http://listen.radionomy.com/Peace-Radio
RocK: pinkfloydteguz,"Rock, Pink Floyd ",http://listen.radionomy.com/pinkfloydteguz
SomA: 7 Inch Soul,"Soul, Funk",http://ice.somafm.com/7soul
SomA: BAGeL Radio,Eclectic ,http://ice.somafm.com/bagel
SomA: Beat Blender,"Electronic, Trip Hop",http://ice.somafm.com/beatblender
SomA: Black Rock FM,"Electronic, Rock ",http://ice.somafm.com/brfm
SomA: Boot Liquor,"Country, Americana",http://ice.somafm.com/bootliquor
SomA: Cliqhop idm,"Electronic, Intelligent Dance Music (IDM) ",http://ice.somafm.com/cliqhop
SomA: Covers,"Indie, Covers  ",http://ice.somafm.com/covers
SomA: DEF CON Radio,"Electronic, Hacker Radio",http://ice.somafm.com/defcon
SomA: Deep Space One,"Ambient, Space Ambient  ",http://ice.somafm.com/deepspaceone
SomA: Digitalis,Electronic,http://ice.somafm.com/digitalis
SomA: Doomed,"Ambient, Doom ",http://ice.somafm.com/doomed
SomA: Drone Zone,"Ambient, Drone",http://ice.somafm.com/dronezone
SomA: Dub Step Beyond,"Electronic, Dubstep",http://ice.somafm.com/dubstep
SomA: Earwaves,Ambient,http://ice.somafm.com/earwaves
SomA: Fluid,Ambient,http://ice.somafm.com/fluid
SomA: Folk Forward,"Folk, Indie Folk ",http://ice.somafm.com/folkfwd
SomA: Groove Salad,"Electronic, Chillout ",http://ice.somafm.com/groovesalad
SomA: Illinois Street Lounge,Lounge,http://ice.somafm.com/illstreet
SomA: Indie Pop Rocks,"Indie, Indie Rock ",http://ice.somafm.com/indiepop
SomA: Left Coast 70s,"Rock, 70s ",http://ice.somafm.com/seventies
SomA: Lush,"Ambient, Lush",http://ice.somafm.com/lush
SomA: Mission Control,"Ambient, Space Ambient  ",http://ice.somafm.com/missioncontrol
SomA: PopTron,"Electronic, Psychedelic Trance",http://ice.somafm.com/poptron
SomA: SF 10â€“33,"Electronic, Ambient",http://ice.somafm.com/sf1033
SomA: Secret Agent,Ambient ,http://ice.somafm.com/secretagent
SomA: Sonic Universe,Electropop,http://ice.somafm.com/sonicuniverse
SomA: Space Station Soma,"Electronic, Chillout, Trip Hop",http://ice.somafm.com/spacestation
SomA: Suburbs of Goa,"Electronic, Spy",http://ice.somafm.com/suburbsofgoa
SomA: The Trip,Electronic ,http://ice.somafm.com/thetrip
SomA: ThistleRadio,"Ambient, Space Ambient  ",http://ice.somafm.com/thistle
SomA: Underground 80s,"Ambient, Psychedelic Trance",http://ice.somafm.com/u80s
UrbaN: 1 Soul,Ambient,http://streaming.radionomy.com/-1Soul
UrbaN: 2000s R'n'B,"Alternative, 80s",http://streaming.radionomy.com/2000s-RnB
UrbaN: A Better Old School Classic Rap Station,"R&B, Soul",http://streaming.radionomy.com/a-better-old-school-classic-rap-station
UrbaN: A Better Slow Jams Station,"R&B, 2000s",http://streaming.radionomy.com/a-better-slow-jams-station
UrbaN: Classic Rap,"Hip Hop, Old School  ",http://streaming.radionomy.com/Classic-Rap
UrbaN: DooWop FM,R&B ,http://streaming.radionomy.com/DooWopFM
UrbaN: Hip-Hop Request,Hip Hop,http://streaming.radionomy.com/Hip-HopRequest
UrbaN: One Love Hip-Hop Radio,"Hip Hop, Love Songs",http://streaming.radionomy.com/One-love-Hip-Hop-Radio
UrbaN: R'n'B Cream,R&B ,http://streaming.radionomy.com/_rb_cream
UrbaN: West Coast Classics,"Hip Hop, West Coast Hip Hop ",http://streaming.radionomy.com/WestCoastClassics
